{"train": [6.458255730569363, 5.16816421225667, 5.006190519779921, 4.940216783434153, 4.886063054203987, 4.861295074224472, 4.844988334923983, 4.839992091059685, 4.827591270208359, 4.821770761162043, 4.813934460282326, 4.808869514614344, 4.801530595868826, 4.797767303884029, 4.793457418680191, 4.782470036298037, 4.781194318085909, 4.774120092391968, 4.77117208763957, 4.769919462502003, 4.766349203884602, 4.763962104916573, 4.755509849637747, 4.748383961617947, 4.753743894398212, 4.746611136943102, 4.735245916992426, 4.742369204759598, 4.728599824011326, 4.72978750616312, 4.726310178637505, 4.725445456802845, 4.713670410215855, 4.712836239486933, 4.701923374086618, 4.70099176093936, 4.701192002743483, 4.696769412606955, 4.680945225059986, 4.678781125694513, 4.688035409897566, 4.676273226737976, 4.666873726993799, 4.6708168014883995, 4.665573313832283, 4.653434753417969, 4.651255518198013, 4.646575916558504, 4.643245603889227, 4.640240643173456, 4.637348782271147, 4.626016613095999, 4.629251293838024, 4.622062936425209, 4.617259696125984, 4.616586588323116, 4.6013564467430115, 4.600022353231907, 4.598700754344463, 4.594381984323263, 4.583524934947491, 4.576206106692553, 4.577724143862724, 4.572488956153393, 4.5608672760427, 4.561422660946846, 4.555276516824961, 4.551044587045908, 4.541316196322441, 4.542467404156923, 4.532980445772409, 4.520522825419903, 4.530591886490583, 4.517049167305231, 4.504818804562092, 4.505408253520727, 4.494952540844679, 4.49485944584012, 4.4809046015143394, 4.474684461951256, 4.476174000650644, 4.460256841033697, 4.457569681107998, 4.450387705117464, 4.443683180958033, 4.435671649873257, 4.428519502282143, 4.426002688705921, 4.420942537486553, 4.411576386541128, 4.3981815576553345, 4.397896587848663, 4.3852944150567055, 4.383369196206331, 4.373772580176592, 4.363972846418619, 4.3521363995969296, 4.347593072801828, 4.342258162796497, 4.33333870396018, 4.329331561923027, 4.315546624362469, 4.310263078659773, 4.300487622618675, 4.29129197075963, 4.283133305609226, 4.274301078170538, 4.265945624560118, 4.257615245878696, 4.246843654662371, 4.235998120158911, 4.231804542243481, 4.221682660281658, 4.213255908340216, 4.203537819907069, 4.196689069271088, 4.187618065625429, 4.180929593741894, 4.174007054418325, 4.167062748223543, 4.158313844352961, 4.1524804420769215, 4.146486550569534, 4.140056896954775, 4.134308643639088, 4.127399876713753, 4.120790077373385, 4.114042246714234], "val": [5.498709037899971, 5.147244513034821, 5.049951031804085, 5.008072182536125, 4.964438214898109, 4.92506055533886, 4.929524511098862, 4.918786928057671, 4.911572173237801, 4.918899551033974, 4.908664226531982, 4.877950459718704, 4.875822007656097, 4.885968953371048, 4.892964005470276, 4.881770521402359, 4.862164169549942, 4.866746217012405, 4.869929805397987, 4.855761364102364, 4.860072508454323, 4.8400454968214035, 4.849022194743156, 4.843024551868439, 4.833496585488319, 4.819396659731865, 4.838720589876175, 4.800816252827644, 4.828539222478867, 4.825493112206459, 4.823454558849335, 4.807814806699753, 4.823780596256256, 4.798264995217323, 4.808955430984497, 4.794147029519081, 4.795737534761429, 4.799575433135033, 4.797017604112625, 4.789470657706261, 4.788030728697777, 4.786214634776115, 4.78855262696743, 4.779486536979675, 4.74928443133831, 4.752223804593086, 4.75746913254261, 4.759241014719009, 4.744081974029541, 4.736228764057159, 4.751384526491165, 4.751103550195694, 4.7287285178899765, 4.72043576836586, 4.721456557512283, 4.712051421403885, 4.708048686385155, 4.708159506320953, 4.7087754011154175, 4.687263011932373, 4.69372196495533, 4.687777608633041, 4.692940503358841, 4.681566581130028, 4.674523413181305, 4.684337705373764, 4.66444405913353, 4.645286425948143, 4.66044782102108, 4.649004742503166, 4.6446854174137115, 4.628348708152771, 4.627156004309654, 4.6208726316690445, 4.62618362903595, 4.601315155625343, 4.62812602519989, 4.600937187671661, 4.60197976231575, 4.59506368637085, 4.593252420425415, 4.5849020183086395, 4.567373678088188, 4.5812535136938095, 4.564661040902138, 4.556795358657837, 4.558122023940086, 4.554055020213127, 4.54517488181591, 4.520562246441841, 4.529894381761551, 4.515201762318611, 4.509209454059601, 4.493046537041664, 4.494907110929489, 4.466650560498238, 4.4721905291080475, 4.461069270968437, 4.462640568614006, 4.455368533730507, 4.441870927810669, 4.441760703921318, 4.425193145871162, 4.422648176550865, 4.410650044679642, 4.397571787238121, 4.398158967494965, 4.38619139790535, 4.377914741635323, 4.3624081909656525, 4.363226771354675, 4.3584758043289185, 4.3452504724264145, 4.327001869678497, 4.328597158193588, 4.319171190261841, 4.315388426184654, 4.311019942164421, 4.299429476261139, 4.298318013548851, 4.290020897984505, 4.28800556063652, 4.2834320068359375, 4.28039713203907, 4.275774419307709, 4.2728321403265, 4.2754964381456375, 4.276411756873131]}