{"trainLosses": [8.393847619361509, 5.96549419060462, 4.8980082745341145, 4.4950660985068485, 4.042638880693665, 3.7904994543491943, 3.499285279748104, 3.2984618882894554, 3.0880577954484525, 2.9418803846799384, 2.8375392700465993, 2.654579457029846, 2.61989757208319, 2.4948515848910255, 2.3576572459302403, 2.176705729229586, 1.9667785507337099, 1.8875141108947575, 1.8423972579872654, 1.5757852154704257, 1.4164890842971918, 1.2889777989312436, 1.2242450643193852, 1.1827829712688518, 1.1419492682639902, 1.1162144236451876, 1.0173394377937588, 1.0131145980599823, 1.0150426432762636, 0.9851785522648582, 0.9391353620201618, 0.9521617024511394, 0.884677537974673, 0.8330284505848771, 0.8543623675560823, 0.8220722340780262, 0.8047763719985266, 0.808395897665717, 0.7942432502314807, 0.7683740518756593, 0.7616326486260935, 0.7363592459735786, 0.7084515146975023, 0.6958445433741905, 0.6930590598537184, 0.6773601004480856, 0.6639965885709193, 0.6709718255244058, 0.6430379432610523, 0.6639606940301236, 0.5891229813061905, 0.6110943792088924, 0.6032754771877052, 0.6028054068888911, 0.5730594044756446, 0.575545250631292, 0.5924137747235075, 0.5604908207095248, 0.5435362263449178, 0.518480684773294, 0.5254180126560166, 0.5209808224070495, 0.49418894733768587, 0.5104773413625485], "valLosses": [6.184575385941745, 5.456447947161233, 5.738681261626152, 6.668741617335588, 5.931511696683111, 5.976767162853958, 8.099032078707857, 5.582211579364897, 4.699062713296059, 5.592186064567445, 5.14625367719436, 5.0217038942597, 4.579236160612621, 4.76598188714899, 4.752226185932498, 5.086559154073019, 4.931836954448759, 4.2866861530250375, 3.9940886663108524, 4.347426034067525, 3.953418559677093, 4.025387055837514, 3.8579266394727756, 3.778562359439841, 3.652767039479215, 3.818077601869533, 3.6546817421915097, 3.844824873350783, 3.8054572072186286, 3.462439092292996, 3.6388437514012337, 3.5745341188902255, 4.057859898148911, 3.7770885847796487, 3.306142940896631, 3.5996549549794907, 3.8527501333266416, 3.7947409148553723, 3.5646748321843877, 3.5905888518937057, 3.3538663458963884, 3.506357293308962, 3.658546532839094, 3.5295081832905315, 3.314150983926056, 3.441387931419748, 3.392779872085349, 3.350410238683561, 3.4870794851728633, 3.241796367409448, 3.417914821398316, 3.4076999602644578, 3.3123548287083557, 3.403629504980832, 3.501945125463759, 3.196257537312664, 3.3120152153737354, 3.2417616484656087, 3.3763329183998096, 3.2319549600466226, 3.2594942291788427, 3.339065139569229, 3.5041360397297483, 3.3992274710744326]}